{"AvNeVrKZy1FaEG9suboRXNPgmnMwomiU5EvkF6jGxGrX":[{"timestamp":1652652000000,"quotient":0.3739442786069652}],"2keDsfcMY6hLvfrmzDAfnMSudMqYczPVcb8MSkK59P9r":[{"timestamp":1652652000000,"quotient":59.83084577114429}],"C7BLPzc1vzLL3Tm5udXELnHDRXeXkdd5f1oMKP8rwUNv":[{"timestamp":1652652000000,"quotient":2141.2425447316105}],"7drJL7kEdJfgNzeaEYKDqTkfmiG2ain3nEPtGHDZc6i2":[{"timestamp":1652652000000,"quotient":3.1861672785375967}],"5dX3tkVDmbHBWMCQMerAHTmd9wsRvmtKLoQt6qv9fHy7":[{"timestamp":1652652000000,"quotient":0.9990059642147117}],"9fY5jLin2yYMK9Eee5diWzJRZqLaYgEUupUNsKVYAMhi":[{"timestamp":1652652000000,"quotient":1}],"2SgUGxYDczrB6wUzXHPJH65pNhWkEzNMEx3km4xTYUTC":[{"timestamp":1652652000000,"quotient":0.017378523257824657}],"5yKHz86cvHocaQnxv4mPJjftA4w7BbJzQQr5rG9miyZ3":[{"timestamp":1652652000000,"quotient":0.01658415841584158}],"HYCzZYupXUyamfTQWNkULW1EFcNPCTA5urnEXCFXkLRh":[{"timestamp":1652652000000,"quotient":6.684936609506578}],"FejEVPJBH5TEbgcpupNuRyiMRoeaCQwPvtVU6w3i2xRc":[{"timestamp":1652652000000,"quotient":0.9757281553398057}],"9bXJSJ3tGjkk8QVSykcGE6KnzdKznfjWP7YXicSRFTe8":[{"timestamp":1652652000000,"quotient":0.9911157482057605}],"4FkGNJMvKFk9PFwn8TBtk1ShUKege6D5Au87ezwLWiqk":[{"timestamp":1652652000000,"quotient":0.994618905472637}],"GmBMZ8BNeNR6mRFqu2ZaFvpxvGPXmc9Aa4a1GWFaxWMv":[{"timestamp":1652652000000,"quotient":0.1495900497512438}],"EWZW9aJmY2LX6ZyV5RU8waHWKF1aGaxzbuBuRQp6G4j":[{"timestamp":1652652000000,"quotient":31192.03980099503}],"HbMbeaDH8xtB1a8WpwjNqcXBBGraKJjJ2xFkXEdAy1rY":[{"timestamp":1652652000000,"quotient":0.9922442244224423}],"AXSXYioiHGFvQ1XF4zCvXjnVAcMY68WQ4RH5r5nAdah5":[{"timestamp":1652652000000,"quotient":23654.378107674267}],"A5U2LbZhwc6GFZtYft6MtbGHFhYyZ1pzCRQkz7D2b2YS":[{"timestamp":1652652000000,"quotient":0.9936302186878728}],"FeKSMTD9Z22kdnMLeNWAfaTXydbhVixUPcfZDW3QS1X4":[{"timestamp":1652652000000,"quotient":0.9542904290429043}],"DzCbrMZXNG3XpXuufhBp233LJXvV8Xq1C3q4ksrtbCPP":[{"timestamp":1652652000000,"quotient":2143.3731343283584}],"BGz6pBLvc4nuGNsbXYoAE7z466kSjZaoXKJMnEkZWkyD":[{"timestamp":1652652000000,"quotient":0.14595922330097086}],"B2Mq1fpJ2bZYxxtF4yz6nNvLJLaYzM3zQsHcs2oDqk3z":[{"timestamp":1652652000000,"quotient":1.039771744769151}],"6rvpVhL9fxm2WLMefNRaLwv6aNdivZadMi56teWfSkuU":[{"timestamp":1652652000000,"quotient":0.017378523257824657}]}